{
  "annotations": {
    "list": [
      {
        "builtIn": 1,
        "datasource": {
          "type": "datasource",
          "uid": "grafana"
        },
        "enable": true,
        "hide": true,
        "iconColor": "rgba(0, 211, 255, 1)",
        "name": "Annotations & Alerts",
        "target": {
          "limit": 100,
          "matchAny": false,
          "tags": [],
          "type": "dashboard"
        },
        "type": "dashboard"
      }
    ]
  },
  "editable": true,
  "fiscalYearStartMonth": 0,
  "graphTooltip": 0,
  "id": 6,
  "iteration": 1671652853067,
  "links": [],
  "liveNow": false,
  "panels": [
    {
      "columns": [],
      "datasource": {
        "type": "postgres",
        "uid": "PA942B37CCFAF5A81"
      },
      "fontSize": "100%",
      "gridPos": {
        "h": 13,
        "w": 24,
        "x": 0,
        "y": 0
      },
      "id": 10,
      "links": [],
      "scroll": true,
      "showHeader": true,
      "sort": {
        "col": 6,
        "desc": true
      },
      "styles": [
        {
          "alias": "Blocks behind",
          "align": "center",
          "colors": [
            "rgba(50, 172, 45, 0.97)",
            "rgba(237, 129, 40, 0.89)",
            "rgba(245, 54, 54, 0.9)"
          ],
          "dateFormat": "YYYY-MM-DD HH:mm:ss",
          "decimals": 0,
          "mappingType": 1,
          "pattern": "blocks_behind_network",
          "thresholds": [
            ""
          ],
          "type": "number",
          "unit": "locale"
        },
        {
          "alias": "Lag",
          "align": "right",
          "colors": [
            "rgba(245, 54, 54, 0.9)",
            "rgba(237, 129, 40, 0.89)",
            "rgba(50, 172, 45, 0.97)"
          ],
          "decimals": 1,
          "pattern": "lag",
          "thresholds": [],
          "type": "number",
          "unit": "m"
        },
        {
          "alias": "Synced",
          "align": "center",
          "colors": [
            "rgba(245, 54, 54, 0.9)",
            "rgba(237, 129, 40, 0.89)",
            "rgba(50, 172, 45, 0.97)"
          ],
          "dateFormat": "YYYY-MM-DD HH:mm:ss",
          "decimals": 2,
          "mappingType": 1,
          "pattern": "synced",
          "sanitize": false,
          "thresholds": [],
          "type": "string",
          "unit": "short",
          "valueMaps": [
            {
              "text": "✓",
              "value": "true"
            },
            {
              "text": "—",
              "value": "false"
            }
          ]
        },
        {
          "alias": "Network",
          "align": "center",
          "colors": [
            "rgba(245, 54, 54, 0.9)",
            "rgba(237, 129, 40, 0.89)",
            "rgba(50, 172, 45, 0.97)"
          ],
          "dateFormat": "YYYY-MM-DD HH:mm:ss",
          "decimals": 2,
          "mappingType": 1,
          "pattern": "network",
          "thresholds": [],
          "type": "string",
          "unit": "none"
        },
        {
          "alias": "Node ID",
          "align": "center",
          "colors": [
            "rgba(245, 54, 54, 0.9)",
            "rgba(237, 129, 40, 0.89)",
            "rgba(50, 172, 45, 0.97)"
          ],
          "dateFormat": "YYYY-MM-DD HH:mm:ss",
          "decimals": 2,
          "mappingType": 1,
          "pattern": "nodeid",
          "thresholds": [],
          "type": "string",
          "unit": "short"
        },
        {
          "alias": "Schema no.",
          "align": "center",
          "colors": [
            "rgba(245, 54, 54, 0.9)",
            "rgba(237, 129, 40, 0.89)",
            "rgba(50, 172, 45, 0.97)"
          ],
          "dateFormat": "YYYY-MM-DD HH:mm:ss",
          "decimals": 2,
          "mappingType": 1,
          "pattern": "schema",
          "thresholds": [],
          "type": "string",
          "unit": "short"
        },
        {
          "alias": "Subgraph ID",
          "align": "left",
          "colors": [
            "rgba(245, 54, 54, 0.9)",
            "rgba(237, 129, 40, 0.89)",
            "rgba(50, 172, 45, 0.97)"
          ],
          "dateFormat": "YYYY-MM-DD HH:mm:ss",
          "decimals": 2,
          "mappingType": 1,
          "pattern": "deployment",
          "sanitize": false,
          "thresholds": [],
          "type": "string",
          "unit": "short"
        },
        {
          "alias": "Deployment name",
          "align": "left",
          "colors": [
            "rgba(245, 54, 54, 0.9)",
            "rgba(237, 129, 40, 0.89)",
            "rgba(50, 172, 45, 0.97)"
          ],
          "dateFormat": "YYYY-MM-DD HH:mm:ss",
          "decimals": 2,
          "mappingType": 1,
          "pattern": "subgraph_name",
          "preserveFormat": false,
          "thresholds": [],
          "type": "string",
          "unit": "none"
        }
      ],
      "targets": [
        {
          "format": "table",
          "group": [],
          "metricColumn": "none",
          "rawQuery": true,
          "rawSql": "-- grafana ignore\r\nselect\r\n  g.name || (case\r\n        when g.pending_version = v.id then ' (P)'\r\n        when g.current_version = v.id then ' (C)'\r\n        else ' (U)' end) as subgraph_name,\r\n  d.deployment,\r\n  s.id as schema,\r\n  replace(a.node_id, '','') as nodeId,\r\n  d.synced::text,\r\n  n.name as network,\r\n  (n.head_block_number - d.latest_ethereum_block_number) as blocks_behind_network,\r\n  (case when n.name = 'mainnet' then ((n.head_block_number - d.latest_ethereum_block_number)/4)::text\r\n        when n.name = 'rinkeby' then ((n.head_block_number - d.latest_ethereum_block_number)/4)::text\r\n        when n.name = 'kovan' then ((n.head_block_number - d.latest_ethereum_block_number)/15)::text\r\n        when n.name = 'poa-core' then ((n.head_block_number - d.latest_ethereum_block_number)/12)::text\r\n        when n.name = 'ropsten' then ((n.head_block_number - d.latest_ethereum_block_number)/2)::text\r\n        else 'ø' end) as lag\r\nfrom subgraphs.subgraph_deployment as d,\r\n     subgraphs.subgraph_deployment_assignment as a,\r\n     subgraphs.subgraph_version as v,\r\n     subgraphs.subgraph as g,\r\n     ethereum_networks  as n,\r\n     deployment_schemas as s\r\nwhere g.id = v.subgraph\r\n  and v.id in (g.pending_version, g.current_version)\r\n  and a.id = s.id\r\n  and s.id = d.id\r\n  and v.deployment = d.deployment\r\n  and not d.failed\r\n  and n.name = s.network\r\n  and not a.node_id = 'removed'\r\norder by blocks_behind_network desc, subgraph_name;",
          "refId": "A",
          "select": [
            [
              {
                "params": [
                  "value"
                ],
                "type": "column"
              }
            ]
          ],
          "timeColumn": "time",
          "where": [
            {
              "name": "$__timeFilter",
              "params": [],
              "type": "macro"
            }
          ]
        }
      ],
      "title": "Indexing status",
      "transform": "table",
      "transparent": true,
      "type": "table-old"
    },
    {
      "columns": [],
      "datasource": {
        "type": "postgres",
        "uid": "PA942B37CCFAF5A81"
      },
      "fontSize": "100%",
      "gridPos": {
        "h": 8,
        "w": 24,
        "x": 0,
        "y": 13
      },
      "id": 34,
      "links": [],
      "scroll": true,
      "showHeader": true,
      "sort": {
        "desc": false
      },
      "styles": [
        {
          "alias": "Blocks behind",
          "align": "center",
          "colors": [
            "rgba(50, 172, 45, 0.97)",
            "rgba(237, 129, 40, 0.89)",
            "rgba(245, 54, 54, 0.9)"
          ],
          "dateFormat": "YYYY-MM-DD HH:mm:ss",
          "decimals": 0,
          "mappingType": 1,
          "pattern": "blocks_behind_network",
          "thresholds": [
            ""
          ],
          "type": "number",
          "unit": "locale"
        },
        {
          "alias": "Lag",
          "align": "right",
          "colors": [
            "rgba(245, 54, 54, 0.9)",
            "rgba(237, 129, 40, 0.89)",
            "rgba(50, 172, 45, 0.97)"
          ],
          "decimals": 1,
          "pattern": "lag",
          "thresholds": [],
          "type": "number",
          "unit": "m"
        },
        {
          "alias": "Sync",
          "align": "center",
          "colors": [
            "rgba(245, 54, 54, 0.9)",
            "rgba(237, 129, 40, 0.89)",
            "rgba(50, 172, 45, 0.97)"
          ],
          "dateFormat": "YYYY-MM-DD HH:mm:ss",
          "decimals": 2,
          "mappingType": 1,
          "pattern": "synced",
          "thresholds": [],
          "type": "string",
          "unit": "short",
          "valueMaps": [
            {
              "text": "✓",
              "value": "true"
            },
            {
              "text": "—",
              "value": "false"
            }
          ]
        },
        {
          "alias": "Network",
          "align": "center",
          "colors": [
            "rgba(245, 54, 54, 0.9)",
            "rgba(237, 129, 40, 0.89)",
            "rgba(50, 172, 45, 0.97)"
          ],
          "dateFormat": "YYYY-MM-DD HH:mm:ss",
          "decimals": 2,
          "mappingType": 1,
          "pattern": "network",
          "thresholds": [],
          "type": "string",
          "unit": "short"
        },
        {
          "alias": "Schema no.",
          "align": "center",
          "colors": [
            "rgba(245, 54, 54, 0.9)",
            "rgba(237, 129, 40, 0.89)",
            "rgba(50, 172, 45, 0.97)"
          ],
          "dateFormat": "YYYY-MM-DD HH:mm:ss",
          "decimals": 2,
          "mappingType": 1,
          "pattern": "schema",
          "thresholds": [],
          "type": "string",
          "unit": "short"
        },
        {
          "alias": "Subgraph ID",
          "align": "left",
          "colors": [
            "rgba(245, 54, 54, 0.9)",
            "rgba(237, 129, 40, 0.89)",
            "rgba(50, 172, 45, 0.97)"
          ],
          "dateFormat": "YYYY-MM-DD HH:mm:ss",
          "decimals": 2,
          "mappingType": 1,
          "pattern": "deployment",
          "thresholds": [],
          "type": "string",
          "unit": "short"
        },
        {
          "alias": "Deployment name",
          "align": "left",
          "colors": [
            "rgba(245, 54, 54, 0.9)",
            "rgba(237, 129, 40, 0.89)",
            "rgba(50, 172, 45, 0.97)"
          ],
          "dateFormat": "YYYY-MM-DD HH:mm:ss",
          "decimals": 2,
          "mappingType": 1,
          "pattern": "subgraph_name",
          "thresholds": [],
          "type": "string",
          "unit": "short"
        },
        {
          "alias": "Node ID",
          "align": "center",
          "colors": [
            "rgba(245, 54, 54, 0.9)",
            "rgba(237, 129, 40, 0.89)",
            "rgba(50, 172, 45, 0.97)"
          ],
          "dateFormat": "YYYY-MM-DD HH:mm:ss",
          "decimals": 2,
          "mappingType": 1,
          "pattern": "nodeid",
          "thresholds": [],
          "type": "string",
          "unit": "short"
        }
      ],
      "targets": [
        {
          "format": "table",
          "group": [],
          "metricColumn": "none",
          "rawQuery": true,
          "rawSql": "-- grafana ignore\r\nselect\r\n  g.name || (case\r\n        when g.pending_version = v.id then ' (P)'\r\n        when g.current_version = v.id then ' (C)'\r\n        else ' (U)' end) as subgraph_name,\r\n  d.deployment,\r\n  s.id as schema,\r\n  replace(a.node_id,'','') as nodeid,\r\n  d.synced::text,\r\n  n.name as network,\r\n  (n.head_block_number - d.latest_ethereum_block_number) as blocks_behind_network,\r\n  (case when n.name = 'mainnet' then ((n.head_block_number - d.latest_ethereum_block_number)/4)::text\r\n        when n.name = 'rinkeby' then ((n.head_block_number - d.latest_ethereum_block_number)/4)::text\r\n        when n.name = 'kovan' then ((n.head_block_number - d.latest_ethereum_block_number)/15)::text\r\n        when n.name = 'poa-core' then ((n.head_block_number - d.latest_ethereum_block_number)/12)::text\r\n\t\twhen n.name = 'ropsten' then ((n.head_block_number - d.latest_ethereum_block_number)/2)::text\r\n        else 'ø' end) as lag\r\nfrom subgraphs.subgraph_deployment as d,\r\n     subgraphs.subgraph_deployment_assignment as a,\r\n     subgraphs.subgraph_version as v,\r\n     subgraphs.subgraph as g,\r\n     ethereum_networks  as n,\r\n     deployment_schemas as s\r\nwhere g.id = v.subgraph\r\n  and v.id in (g.pending_version, g.current_version)\r\n  and a.id = s.id\r\n  and s.id = d.id\r\n  and v.deployment = d.deployment\r\n  and not d.failed\r\n  and n.name = s.network\r\n  and a.node_id not like 'index_node_%'\r\norder by blocks_behind_network desc, subgraph_name;",
          "refId": "A",
          "select": [
            [
              {
                "params": [
                  "value"
                ],
                "type": "column"
              }
            ]
          ],
          "timeColumn": "time",
          "where": [
            {
              "name": "$__timeFilter",
              "params": [],
              "type": "macro"
            }
          ]
        }
      ],
      "title": "Paused Subgraphs",
      "transform": "table",
      "transparent": true,
      "type": "table-old"
    },
    {
      "datasource": {
        "type": "postgres",
        "uid": "PA942B37CCFAF5A81"
      },
      "fieldConfig": {
        "defaults": {
          "custom": {
            "align": "auto",
            "displayMode": "auto",
            "filterable": false,
            "inspect": false
          },
          "mappings": [],
          "thresholds": {
            "mode": "absolute",
            "steps": [
              {
                "color": "green",
                "value": null
              },
              {
                "color": "red",
                "value": 80
              }
            ]
          },
          "unit": "locale"
        },
        "overrides": [
          {
            "matcher": {
              "id": "byName",
              "options": "vid"
            },
            "properties": [
              {
                "id": "custom.width",
                "value": 28
              },
              {
                "id": "displayName",
                "value": "No."
              }
            ]
          },
          {
            "matcher": {
              "id": "byName",
              "options": "block_hash"
            },
            "properties": [
              {
                "id": "custom.width",
                "value": 303
              },
              {
                "id": "displayName",
                "value": "Block Hash"
              }
            ]
          },
          {
            "matcher": {
              "id": "byName",
              "options": "subgraph_id"
            },
            "properties": [
              {
                "id": "custom.width",
                "value": 380
              },
              {
                "id": "displayName",
                "value": "Subgraph ID"
              }
            ]
          },
          {
            "matcher": {
              "id": "byName",
              "options": "deterministic"
            },
            "properties": [
              {
                "id": "custom.width",
                "value": 99
              },
              {
                "id": "displayName",
                "value": "Deterministic"
              }
            ]
          },
          {
            "matcher": {
              "id": "byName",
              "options": "message"
            },
            "properties": [
              {
                "id": "custom.displayMode",
                "value": "color-text"
              },
              {
                "id": "displayName",
                "value": "Error Message"
              },
              {
                "id": "color",
                "value": {
                  "fixedColor": "dark-red",
                  "mode": "fixed"
                }
              }
            ]
          },
          {
            "matcher": {
              "id": "byName",
              "options": "handler"
            },
            "properties": [
              {
                "id": "displayName",
                "value": "Handler"
              }
            ]
          },
          {
            "matcher": {
              "id": "byName",
              "options": "created_at"
            },
            "properties": [
              {
                "id": "unit",
                "value": "dateTimeAsUS"
              },
              {
                "id": "displayName",
                "value": "Date"
              }
            ]
          },
          {
            "matcher": {
              "id": "byName",
              "options": "Error Message"
            },
            "properties": [
              {
                "id": "custom.width",
                "value": 712
              }
            ]
          },
          {
            "matcher": {
              "id": "byName",
              "options": "Handler"
            },
            "properties": [
              {
                "id": "custom.width",
                "value": 287
              }
            ]
          },
          {
            "matcher": {
              "id": "byName",
              "options": "Date"
            },
            "properties": [
              {
                "id": "custom.width",
                "value": 257
              }
            ]
          },
          {
            "matcher": {
              "id": "byName",
              "options": "Block Hash"
            },
            "properties": [
              {
                "id": "custom.width",
                "value": 153
              }
            ]
          },
          {
            "matcher": {
              "id": "byName",
              "options": "Subgraph ID"
            },
            "properties": [
              {
                "id": "custom.width",
                "value": 402
              }
            ]
          },
          {
            "matcher": {
              "id": "byName",
              "options": "Deterministic"
            },
            "properties": [
              {
                "id": "custom.width",
                "value": 127
              }
            ]
          }
        ]
      },
      "gridPos": {
        "h": 8,
        "w": 24,
        "x": 0,
        "y": 21
      },
      "id": 36,
      "options": {
        "footer": {
          "fields": "",
          "reducer": [
            "sum"
          ],
          "show": false
        },
        "showHeader": true,
        "sortBy": []
      },
      "pluginVersion": "8.5.2",
      "targets": [
        {
          "format": "table",
          "group": [],
          "metricColumn": "none",
          "rawQuery": true,
          "rawSql": "SELECT\n  vid, encode(block_hash, 'hex') as Block_hash, subgraph_id, message, handler, deterministic, created_at\nFROM subgraphs.subgraph_error\nORDER BY vid DESC",
          "refId": "A",
          "select": [
            [
              {
                "params": [
                  "value"
                ],
                "type": "column"
              }
            ]
          ],
          "table": "subgraphs.subgraph_error",
          "timeColumn": "time",
          "where": []
        }
      ],
      "title": "Fatal errors",
      "transformations": [],
      "transparent": true,
      "type": "table"
    },
    {
      "datasource": {
        "type": "postgres",
        "uid": "PA942B37CCFAF5A81"
      },
      "fieldConfig": {
        "defaults": {
          "color": {
            "mode": "thresholds"
          },
          "custom": {
            "align": "auto",
            "displayMode": "auto",
            "filterable": false,
            "inspect": false
          },
          "mappings": [],
          "thresholds": {
            "mode": "absolute",
            "steps": [
              {
                "color": "super-light-blue",
                "value": null
              },
              {
                "color": "dark-green",
                "value": 0
              },
              {
                "color": "semi-dark-red",
                "value": 1
              }
            ]
          },
          "unit": "locale"
        },
        "overrides": [
          {
            "matcher": {
              "id": "byName",
              "options": "Schema"
            },
            "properties": [
              {
                "id": "custom.width",
                "value": 72
              }
            ]
          },
          {
            "matcher": {
              "id": "byName",
              "options": "Deployment Name"
            },
            "properties": [
              {
                "id": "custom.width",
                "value": 260
              }
            ]
          },
          {
            "matcher": {
              "id": "byName",
              "options": "Deployment ID"
            },
            "properties": [
              {
                "id": "custom.width",
                "value": 125
              }
            ]
          },
          {
            "matcher": {
              "id": "byName",
              "options": "Repository"
            },
            "properties": [
              {
                "id": "custom.width",
                "value": 259
              }
            ]
          },
          {
            "matcher": {
              "id": "byName",
              "options": "Node ID"
            },
            "properties": [
              {
                "id": "custom.width",
                "value": 106
              }
            ]
          },
          {
            "matcher": {
              "id": "byName",
              "options": "Health"
            },
            "properties": [
              {
                "id": "custom.width",
                "value": 90
              },
              {
                "id": "unit",
                "value": "none"
              },
              {
                "id": "custom.displayMode",
                "value": "color-text"
              },
              {
                "id": "mappings",
                "value": [
                  {
                    "options": {
                      "failed": {
                        "color": "dark-red",
                        "index": 1,
                        "text": "FAILED"
                      },
                      "healthy": {
                        "color": "dark-green",
                        "index": 0,
                        "text": "healthy"
                      }
                    },
                    "type": "value"
                  }
                ]
              }
            ]
          },
          {
            "matcher": {
              "id": "byName",
              "options": "Failed"
            },
            "properties": [
              {
                "id": "custom.width",
                "value": 78
              },
              {
                "id": "custom.displayMode",
                "value": "auto"
              },
              {
                "id": "mappings",
                "value": [
                  {
                    "options": {
                      "match": "false",
                      "result": {
                        "color": "dark-green",
                        "index": 0,
                        "text": "-"
                      }
                    },
                    "type": "special"
                  },
                  {
                    "options": {
                      "match": "true",
                      "result": {
                        "color": "dark-red",
                        "index": 1,
                        "text": "FAILED"
                      }
                    },
                    "type": "special"
                  }
                ]
              }
            ]
          },
          {
            "matcher": {
              "id": "byName",
              "options": "Sync"
            },
            "properties": [
              {
                "id": "custom.width",
                "value": 43
              },
              {
                "id": "mappings",
                "value": [
                  {
                    "options": {
                      "match": "true",
                      "result": {
                        "color": "dark-green",
                        "index": 0,
                        "text": "✓"
                      }
                    },
                    "type": "special"
                  },
                  {
                    "options": {
                      "match": "false",
                      "result": {
                        "color": "dark-red",
                        "index": 1,
                        "text": "✗"
                      }
                    },
                    "type": "special"
                  }
                ]
              }
            ]
          },
          {
            "matcher": {
              "id": "byName",
              "options": "Last Block"
            },
            "properties": [
              {
                "id": "custom.width",
                "value": 91
              }
            ]
          },
          {
            "matcher": {
              "id": "byName",
              "options": "Entities"
            },
            "properties": [
              {
                "id": "custom.width",
                "value": 92
              }
            ]
          },
          {
            "matcher": {
              "id": "byName",
              "options": "Size"
            },
            "properties": [
              {
                "id": "custom.width",
                "value": 101
              },
              {
                "id": "unit",
                "value": "bytes"
              }
            ]
          },
          {
            "matcher": {
              "id": "byName",
              "options": "Bytes"
            },
            "properties": [
              {
                "id": "custom.width",
                "value": 117
              }
            ]
          },
          {
            "matcher": {
              "id": "byName",
              "options": "Start Block"
            },
            "properties": [
              {
                "id": "custom.width",
                "value": 103
              }
            ]
          },
          {
            "matcher": {
              "id": "byName",
              "options": "Start Hash"
            },
            "properties": [
              {
                "id": "custom.width",
                "value": 97
              }
            ]
          },
          {
            "matcher": {
              "id": "byName",
              "options": "Last Hash"
            },
            "properties": [
              {
                "id": "custom.width",
                "value": 100
              }
            ]
          },
          {
            "matcher": {
              "id": "byName",
              "options": "Reorg Count"
            },
            "properties": [
              {
                "id": "custom.width",
                "value": 93
              }
            ]
          },
          {
            "matcher": {
              "id": "byName",
              "options": "Curr Reorg Count"
            },
            "properties": [
              {
                "id": "custom.width",
                "value": 126
              }
            ]
          },
          {
            "matcher": {
              "id": "byName",
              "options": "Max Reorg"
            },
            "properties": [
              {
                "id": "custom.width",
                "value": 88
              }
            ]
          }
        ]
      },
      "gridPos": {
        "h": 7,
        "w": 24,
        "x": 0,
        "y": 29
      },
      "id": 37,
      "options": {
        "footer": {
          "fields": "",
          "reducer": [
            "sum"
          ],
          "show": false
        },
        "showHeader": true,
        "sortBy": [
          {
            "desc": true,
            "displayName": "Bytes"
          }
        ]
      },
      "pluginVersion": "8.5.2",
      "targets": [
        {
          "datasource": {
            "type": "postgres",
            "uid": "PA942B37CCFAF5A81"
          },
          "format": "table",
          "group": [],
          "metricColumn": "none",
          "rawQuery": true,
          "rawSql": "SELECT \n\tds.name as deployment_schema,\n\tsg.name as deployment_name,\n\tsd.id as deployment_id,\n\tsubstring(sm.repository,20,31) as git_repo,\n\tsda.node_id as node_id,\n\tsd.health as sub_health,\n\tsd.failed as sub_failed,\n\tsd.synced as sub_sync,\n\tsd.latest_ethereum_block_number as last_block,\n\tsd.entity_count as sub_entity,\n\tsize.total_bytes as size_total, \n\tsize.total_bytes as size_total_bytes, \n\tsm.start_block_number as start_block, \n\tencode(sm.start_block_hash, 'hex') as start_hash, \n\tencode(sd.latest_ethereum_block_hash, 'hex') as last_hash,\n\tsd.reorg_count as reorg_count, \n\tsd.current_reorg_depth as curr_reorg_count, \n\tsd.max_reorg_depth as max_reorg\nFROM subgraphs.\"subgraph_deployment\" as sd\njoin subgraphs.\"subgraph_manifest\" as sm on (sm.id = sd.id)\njoin public.\"deployment_schemas\" as ds on (ds.subgraph = sd.deployment)\njoin subgraphs.\"subgraph_version\" as sv on (sv.deployment = sd.deployment)\njoin subgraphs.\"subgraph\" as sg on (sv.id in (sg.current_version, sg.pending_version))\nleft join subgraphs.\"subgraph_deployment_assignment\" as sda on (sda.id = sd.id)\nleft join info.subgraph_sizes as size on (ds.name = size.name)\norder by sd.id",
          "refId": "A",
          "select": [
            [
              {
                "params": [
                  "value"
                ],
                "type": "column"
              }
            ]
          ],
          "table": "subgraphs.subgraph_error",
          "timeColumn": "time",
          "where": []
        }
      ],
      "title": "Subgraph Health",
      "transformations": [
        {
          "id": "organize",
          "options": {
            "excludeByName": {
              "num": true
            },
            "indexByName": {},
            "renameByName": {
              "curr_reorg_count": "Curr Reorg Count",
              "deployment_id": "Deployment ID",
              "deployment_name": "Deployment Name",
              "deployment_schema": "Schema",
              "git_repo": "Repository",
              "last_block": "Last Block",
              "last_hash": "Last Hash",
              "max_reorg": "Max Reorg",
              "node_id": "Node ID",
              "reorg_count": "Reorg Count",
              "size_total": "Size",
              "size_total_bytes": "Bytes",
              "start_block": "Start Block",
              "start_hash": "Start Hash",
              "sub_entity": "Entities",
              "sub_failed": "Failed",
              "sub_health": "Health",
              "sub_sync": "Sync"
            }
          }
        },
        {
          "id": "filterByValue",
          "options": {
            "filters": [
              {
                "config": {
                  "id": "isNotNull",
                  "options": {}
                },
                "fieldName": "Deployment Name"
              }
            ],
            "match": "all",
            "type": "include"
          }
        }
      ],
      "transparent": true,
      "type": "table"
    },
    {
      "columns": [],
      "datasource": {
        "type": "postgres",
        "uid": "PA942B37CCFAF5A81"
      },
      "fontSize": "80%",
      "gridPos": {
        "h": 4,
        "w": 12,
        "x": 0,
        "y": 36
      },
      "id": 6,
      "links": [],
      "scroll": true,
      "showHeader": true,
      "sort": {
        "col": 1,
        "desc": true
      },
      "styles": [
        {
          "alias": "Number",
          "align": "center",
          "colors": [
            "rgba(245, 54, 54, 0.9)",
            "rgba(237, 129, 40, 0.89)",
            "rgba(50, 172, 45, 0.97)"
          ],
          "dateFormat": "YYYY-MM-DD HH:mm:ss",
          "decimals": 0,
          "mappingType": 1,
          "pattern": "num_assigned",
          "thresholds": [],
          "type": "number",
          "unit": "short"
        },
        {
          "alias": "Node ID",
          "align": "left",
          "colors": [
            "rgba(245, 54, 54, 0.9)",
            "rgba(237, 129, 40, 0.89)",
            "rgba(50, 172, 45, 0.97)"
          ],
          "dateFormat": "YYYY-MM-DD HH:mm:ss",
          "decimals": 2,
          "mappingType": 1,
          "pattern": "nodeid",
          "thresholds": [],
          "type": "string",
          "unit": "short"
        },
        {
          "alias": "Deployment ID",
          "align": "left",
          "colors": [
            "rgba(245, 54, 54, 0.9)",
            "rgba(237, 129, 40, 0.89)",
            "rgba(50, 172, 45, 0.97)"
          ],
          "dateFormat": "YYYY-MM-DD HH:mm:ss",
          "decimals": 2,
          "mappingType": 1,
          "pattern": "deployments",
          "preserveFormat": true,
          "thresholds": [],
          "type": "string",
          "unit": "short"
        }
      ],
      "targets": [
        {
          "format": "table",
          "group": [],
          "metricColumn": "none",
          "rawQuery": true,
          "rawSql": "select replace(node_id, '', '') as nodeId,\n       count(*) as num_assigned,\n       array_agg(id) as deployments\n  from subgraphs.subgraph_deployment_assignment\n group by node_id\n order by node_id asc;\n",
          "refId": "A",
          "select": [
            [
              {
                "params": [
                  "value"
                ],
                "type": "column"
              }
            ]
          ],
          "timeColumn": "time",
          "where": [
            {
              "name": "$__timeFilter",
              "params": [],
              "type": "macro"
            }
          ]
        }
      ],
      "title": "Subgraph Node Assignments",
      "transform": "table",
      "transparent": true,
      "type": "table-old"
    },
    {
      "columns": [],
      "datasource": {
        "type": "postgres",
        "uid": "PA942B37CCFAF5A81"
      },
      "fontSize": "80%",
      "gridPos": {
        "h": 4,
        "w": 12,
        "x": 12,
        "y": 36
      },
      "id": 38,
      "links": [],
      "scroll": true,
      "showHeader": true,
      "sort": {
        "col": 1,
        "desc": true
      },
      "styles": [
        {
          "alias": "Network",
          "align": "center",
          "colors": [
            "rgba(245, 54, 54, 0.9)",
            "rgba(237, 129, 40, 0.89)",
            "rgba(50, 172, 45, 0.97)"
          ],
          "dateFormat": "YYYY-MM-DD HH:mm:ss",
          "decimals": 2,
          "mappingType": 1,
          "pattern": "name",
          "thresholds": [],
          "type": "string",
          "unit": "short"
        },
        {
          "alias": "Head block",
          "align": "center",
          "colors": [
            "rgba(245, 54, 54, 0.9)",
            "rgba(237, 129, 40, 0.89)",
            "rgba(50, 172, 45, 0.97)"
          ],
          "dateFormat": "YYYY-MM-DD HH:mm:ss",
          "decimals": 0,
          "mappingType": 1,
          "pattern": "block_number",
          "thresholds": [],
          "type": "number",
          "unit": "locale"
        },
        {
          "alias": "Block hash",
          "align": "left",
          "colors": [
            "rgba(245, 54, 54, 0.9)",
            "rgba(237, 129, 40, 0.89)",
            "rgba(50, 172, 45, 0.97)"
          ],
          "dateFormat": "YYYY-MM-DD HH:mm:ss",
          "decimals": 2,
          "mappingType": 1,
          "pattern": "block_hash",
          "thresholds": [],
          "type": "string",
          "unit": "short"
        }
      ],
      "targets": [
        {
          "format": "table",
          "group": [],
          "metricColumn": "none",
          "rawQuery": true,
          "rawSql": "SELECT\n  name,\n  head_block_number AS \"block_number\",\n  head_block_hash AS \"block_hash\"\nFROM ethereum_networks\nORDER BY name;",
          "refId": "A",
          "select": [
            [
              {
                "params": [
                  "value"
                ],
                "type": "column"
              }
            ]
          ],
          "timeColumn": "time",
          "where": [
            {
              "name": "$__timeFilter",
              "params": [],
              "type": "macro"
            }
          ]
        }
      ],
      "title": "Networks",
      "transform": "table",
      "transparent": true,
      "type": "table-old"
    }
  ],
  "refresh": "",
  "schemaVersion": 36,
  "style": "dark",
  "tags": [],
  "templating": {
    "list": [
      {
        "datasource": {
          "uid": "Elasticsearch"
        },
        "filters": [],
        "hide": 0,
        "label": "",
        "name": "Filters",
        "skipUrlSync": false,
        "type": "adhoc"
      }
    ]
  },
  "time": {
    "from": "now-24h",
    "to": "now"
  },
  "timepicker": {
    "refresh_intervals": [
      "10s",
      "30s",
      "1m",
      "5m",
      "15m",
      "30m",
      "1h",
      "2h",
      "1d"
    ],
    "time_options": [
      "5m",
      "15m",
      "1h",
      "6h",
      "12h",
      "24h",
      "2d",
      "7d",
      "30d"
    ]
  },
  "timezone": "",
  "title": "Indexing Status Overview",
  "uid": "indexing-status-overview",
  "version": 5,
  "weekStart": ""
}